{
	"credit": "Made with Blockbench",
	"texture_size": [128, 128],
	"textures": {
		"0": "custom/arrowshooter",
		"particle": "custom/arrowshooter"
	},
	"elements": [
		{
			"from": [5, 4, -8],
			"to": [11, 7, -5],
			"rotation": {"angle": 0, "axis": "y", "origin": [14, 11, -2]},
			"faces": {
				"north": {"uv": [0, 10.25, 0.75, 10.625], "texture": "#0"},
				"east": {"uv": [0.75, 10.25, 1.125, 10.625], "texture": "#0"},
				"south": {"uv": [0, 9.875, 0.75, 10.25], "texture": "#0"},
				"west": {"uv": [0.75, 10.25, 1.125, 10.625], "texture": "#0"},
				"up": {"uv": [0, 9.875, 0.75, 10.25], "texture": "#0"},
				"down": {"uv": [0, 9.875, 0.75, 10.25], "texture": "#0"}
			}
		},
		{
			"from": [5, 4, -5],
			"to": [11, 7, 4],
			"rotation": {"angle": 0, "axis": "y", "origin": [14, 11, 1]},
			"faces": {
				"north": {"uv": [10.375, 12.625, 11.125, 13], "texture": "#0"},
				"east": {"uv": [10.875, 13.25, 11.5, 13.625], "texture": "#0"},
				"south": {"uv": [6.25, 12.75, 7, 13.125], "texture": "#0"},
				"west": {"uv": [4.375, 14.125, 5, 14.5], "texture": "#0"},
				"up": {"uv": [4, 13, 4.75, 14.125], "texture": "#0"},
				"down": {"uv": [6.875, 13.125, 7.625, 14.25], "texture": "#0"}
			}
		},
		{
			"from": [6, 3, 4],
			"to": [10, 7, 12],
			"rotation": {"angle": 0, "axis": "y", "origin": [14, 11, 12]},
			"faces": {
				"north": {"uv": [7.375, 12.25, 7.875, 12.75], "texture": "#0"},
				"east": {"uv": [5.375, 13.875, 6.75, 14.375], "texture": "#0"},
				"south": {"uv": [11.5, 13.125, 12, 13.625], "texture": "#0"},
				"west": {"uv": [5.25, 14.75, 6.625, 15.25], "texture": "#0"},
				"up": {"uv": [7.875, 12.5, 8.375, 13.875], "texture": "#0"},
				"down": {"uv": [6.375, 12.875, 6.875, 14.25], "texture": "#0"}
			}
		},
		{
			"from": [6, 3, 12],
			"to": [10, 7, 22],
			"rotation": {"angle": 22.5, "axis": "x", "origin": [8, 7, 12]},
			"faces": {
				"north": {"uv": [11.5, 14.875, 12, 15.375], "texture": "#0"},
				"east": {"uv": [11.625, 13.125, 12.875, 13.625], "texture": "#0"},
				"south": {"uv": [15.5, 10.75, 16, 11.25], "texture": "#0"},
				"west": {"uv": [11.5, 12, 12.75, 12.5], "texture": "#0"},
				"up": {"uv": [8, 11.75, 8.5, 13], "texture": "#0"},
				"down": {"uv": [1.625, 12.25, 2.125, 13.5], "texture": "#0"}
			}
		},
		{
			"from": [18, 5, -4],
			"to": [21, 6, 3],
			"rotation": {"angle": 22.5, "axis": "y", "origin": [21, 6, -4]},
			"faces": {
				"north": {"uv": [15.625, 5.125, 16, 5.25], "texture": "#0"},
				"east": {"uv": [12.75, 2.5, 13.625, 2.625], "texture": "#0"},
				"south": {"uv": [15.625, 1.75, 16, 1.875], "texture": "#0"},
				"west": {"uv": [9.25, 3.875, 10.125, 4], "texture": "#0"},
				"up": {"uv": [9.25, 2.375, 10.125, 2.75], "rotation": 90, "texture": "#0"},
				"down": {"uv": [4.25, 4.75, 5.125, 5.125], "rotation": 270, "texture": "#0"}
			}
		},
		{
			"from": [11, 5, -8],
			"to": [22, 6, -5],
			"rotation": {"angle": -22.5, "axis": "y", "origin": [11, 6, -8]},
			"faces": {
				"north": {"uv": [7.625, 2.125, 9, 2.25], "texture": "#0"},
				"east": {"uv": [12.375, 3.25, 12.75, 3.375], "texture": "#0"},
				"south": {"uv": [5, 5.375, 6.375, 5.5], "texture": "#0"},
				"west": {"uv": [4.375, 3.375, 4.75, 3.5], "texture": "#0"},
				"up": {"uv": [0, 4.375, 1.375, 4.75], "texture": "#0"},
				"down": {"uv": [7.75, 4.25, 9.125, 4.625], "texture": "#0"}
			}
		},
		{
			"from": [-6, 5, -8],
			"to": [5, 6, -5],
			"rotation": {"angle": 22.5, "axis": "y", "origin": [5, 6, -8]},
			"faces": {
				"north": {"uv": [12.625, 2.5, 14, 2.625], "texture": "#0"},
				"east": {"uv": [2.125, 3.75, 2.5, 3.875], "texture": "#0"},
				"south": {"uv": [8.375, 3.25, 9.75, 3.375], "texture": "#0"},
				"west": {"uv": [6, 3.75, 6.375, 3.875], "texture": "#0"},
				"up": {"uv": [4.5, 2.25, 5.875, 2.625], "texture": "#0"},
				"down": {"uv": [14, 3.625, 15.375, 4], "texture": "#0"}
			}
		},
		{
			"from": [-5, 5, -4],
			"to": [-2, 6, 3],
			"rotation": {"angle": -22.5, "axis": "y", "origin": [-5, 6, -4]},
			"faces": {
				"north": {"uv": [2, 4.125, 2.375, 4.25], "texture": "#0"},
				"east": {"uv": [14, 3.875, 14.875, 4], "texture": "#0"},
				"south": {"uv": [10.5, 3.75, 10.875, 3.875], "texture": "#0"},
				"west": {"uv": [1.875, 4.875, 2.75, 5], "texture": "#0"},
				"up": {"uv": [8.125, 2.875, 9, 3.25], "rotation": 270, "texture": "#0"},
				"down": {"uv": [12.5, 2, 13.375, 2.375], "rotation": 90, "texture": "#0"}
			}
		},
		{
			"from": [-5, 5, 2],
			"to": [21, 6, 3],
			"rotation": {"angle": 0, "axis": "y", "origin": [5, 13, 10]},
			"faces": {
				"north": {"uv": [0, 0, 4, 0.125], "texture": "#0"},
				"east": {"uv": [0, 0, 0.125, 0.125], "texture": "#0"},
				"south": {"uv": [0, 0, 4, 0.125], "texture": "#0"},
				"west": {"uv": [0, 0, 0.125, 0.125], "texture": "#0"},
				"up": {"uv": [0, 0, 4, 0.125], "texture": "#0"},
				"down": {"uv": [0, 0, 4, 0.125], "texture": "#0"}
			}
		},
		{
			"from": [7, 2, 10],
			"to": [9, 4, 12],
			"rotation": {"angle": 0, "axis": "y", "origin": [15, 10, 18]},
			"faces": {
				"north": {"uv": [0, 15.75, 0.25, 16], "texture": "#0"},
				"east": {"uv": [0, 15.75, 0.25, 16], "texture": "#0"},
				"south": {"uv": [0, 15.75, 0.25, 16], "texture": "#0"},
				"west": {"uv": [0, 15.75, 0.25, 16], "texture": "#0"},
				"up": {"uv": [0, 15.75, 0.25, 16], "texture": "#0"},
				"down": {"uv": [0, 15.75, 0.25, 16], "texture": "#0"}
			}
		},
		{
			"from": [7, 6, -4],
			"to": [9, 8, 2],
			"rotation": {"angle": 0, "axis": "y", "origin": [15, 14, 4]},
			"faces": {
				"north": {"uv": [0, 15.75, 0.25, 16], "texture": "#0"},
				"east": {"uv": [0, 15.75, 0.25, 16], "texture": "#0"},
				"south": {"uv": [0, 15.75, 0.25, 16], "texture": "#0"},
				"west": {"uv": [0, 15.75, 0.25, 16], "texture": "#0"},
				"up": {"uv": [0, 15.75, 0.25, 16], "texture": "#0"},
				"down": {"uv": [0, 15.75, 0.25, 16], "texture": "#0"}
			}
		}
	],
	"display": {
		"thirdperson_righthand": {
			"rotation": [72.5, 0, 0],
			"translation": [0, 5.25, 5]
		},
		"thirdperson_lefthand": {
			"rotation": [72.5, 0, 0],
			"translation": [0, 5.25, 5]
		},
		"gui": {
			"rotation": [0, 90, 0],
			"translation": [2, 2.5, 0]
		}
	}
}