{
    "parent": "item/handheld_rod",
    "textures": {
        "layer0": "item/carrot_on_a_stick"
    },
	"overrides" :[
        {"predicate":{"custom_model_data":1},"model":"item/vectorshooter"},
        {"predicate":{"custom_model_data":2},"model":"item/fireballshooter"},
        {"predicate":{"custom_model_data":3},"model":"item/harmingshooter"},
        {"predicate":{"custom_model_data":4},"model":"item/arrowshooter"},
        {"predicate":{"custom_model_data":5},"model":"item/lazergun"},
        {"predicate":{"custom_model_data":6},"model":"item/grenade"}
	]
}
