{
	"credit": "Made with Blockbench",
	"texture_size": [128, 128],
	"textures": {
		"0": "custom/fireballshooter",
		"particle": "custom/fireballshooter"
	},
	"elements": [
		{
			"from": [4, 2, -6],
			"to": [6, 10, 3],
			"rotation": {"angle": 0, "axis": "y", "origin": [7, 11, 2]},
			"faces": {
				"north": {"uv": [1.125, 15, 1.375, 16], "texture": "#0"},
				"east": {"uv": [0, 15, 1.125, 16], "texture": "#0"},
				"south": {"uv": [2.5, 15, 2.75, 16], "texture": "#0"},
				"west": {"uv": [1.375, 15, 2.5, 16], "texture": "#0"},
				"up": {"uv": [1.375, 15, 1.125, 13.875], "texture": "#0"},
				"down": {"uv": [1.625, 13.875, 1.375, 15], "texture": "#0"}
			}
		},
		{
			"from": [6, 2, -6],
			"to": [10, 4, 3],
			"rotation": {"angle": 0, "axis": "y", "origin": [11, 11, 2]},
			"faces": {
				"north": {"uv": [6, 15.75, 6.5, 16], "texture": "#0"},
				"east": {"uv": [4.875, 15.75, 6, 16], "texture": "#0"},
				"south": {"uv": [7.625, 15.75, 8.125, 16], "texture": "#0"},
				"west": {"uv": [6.5, 15.75, 7.625, 16], "texture": "#0"},
				"up": {"uv": [6.5, 15.75, 6, 14.625], "texture": "#0"},
				"down": {"uv": [7, 14.625, 6.5, 15.75], "texture": "#0"}
			}
		},
		{
			"from": [6, 8, -6],
			"to": [10, 10, 3],
			"rotation": {"angle": 0, "axis": "y", "origin": [11, 17, 2]},
			"faces": {
				"north": {"uv": [10.75, 15.75, 11.25, 16], "texture": "#0"},
				"east": {"uv": [9.625, 15.75, 10.75, 16], "texture": "#0"},
				"south": {"uv": [12.375, 15.75, 12.875, 16], "texture": "#0"},
				"west": {"uv": [11.25, 15.75, 12.375, 16], "texture": "#0"},
				"up": {"uv": [11.25, 15.75, 10.75, 14.625], "texture": "#0"},
				"down": {"uv": [11.75, 14.625, 11.25, 15.75], "texture": "#0"}
			}
		},
		{
			"from": [10, 2, -6],
			"to": [12, 10, 3],
			"rotation": {"angle": 0, "axis": "y", "origin": [13, 11, 2]},
			"faces": {
				"north": {"uv": [14.375, 11.5, 14.625, 12.5], "texture": "#0"},
				"east": {"uv": [13.25, 11.5, 14.375, 12.5], "texture": "#0"},
				"south": {"uv": [15.75, 11.5, 16, 12.5], "texture": "#0"},
				"west": {"uv": [14.625, 11.5, 15.75, 12.5], "texture": "#0"},
				"up": {"uv": [14.625, 11.5, 14.375, 10.375], "texture": "#0"},
				"down": {"uv": [14.875, 10.375, 14.625, 11.5], "texture": "#0"}
			}
		},
		{
			"from": [5, 3, 3],
			"to": [11, 9, 8],
			"rotation": {"angle": 0, "axis": "y", "origin": [13, 11, 9]},
			"faces": {
				"north": {"uv": [10.625, 11.75, 11.375, 12.5], "texture": "#0"},
				"east": {"uv": [10, 11.75, 10.625, 12.5], "texture": "#0"},
				"south": {"uv": [12, 11.75, 12.75, 12.5], "texture": "#0"},
				"west": {"uv": [11.375, 11.75, 12, 12.5], "texture": "#0"},
				"up": {"uv": [11.375, 11.75, 10.625, 11.125], "texture": "#0"},
				"down": {"uv": [12.125, 11.125, 11.375, 11.75], "texture": "#0"}
			}
		},
		{
			"from": [5, 3, 15],
			"to": [11, 9, 19],
			"rotation": {"angle": 0, "axis": "y", "origin": [13, 11, 21]},
			"faces": {
				"north": {"uv": [6.875, 9.25, 7.625, 10], "texture": "#0"},
				"east": {"uv": [6.375, 9.25, 6.875, 10], "texture": "#0"},
				"south": {"uv": [8.125, 9.25, 8.875, 10], "texture": "#0"},
				"west": {"uv": [7.625, 9.25, 8.125, 10], "texture": "#0"},
				"up": {"uv": [7.625, 9.25, 6.875, 8.75], "texture": "#0"},
				"down": {"uv": [8.375, 8.75, 7.625, 9.25], "texture": "#0"}
			}
		},
		{
			"from": [6, 4, 8],
			"to": [10, 8, 15],
			"rotation": {"angle": 0, "axis": "y", "origin": [14, 12, 17]},
			"faces": {
				"north": {"uv": [4.25, 9.375, 4.75, 9.875], "texture": "#0"},
				"east": {"uv": [3.375, 9.375, 4.25, 9.875], "texture": "#0"},
				"south": {"uv": [5.625, 9.375, 6.125, 9.875], "texture": "#0"},
				"west": {"uv": [4.75, 9.375, 5.625, 9.875], "texture": "#0"},
				"up": {"uv": [4.75, 9.375, 4.25, 8.5], "texture": "#0"},
				"down": {"uv": [5.25, 8.5, 4.75, 9.375], "texture": "#0"}
			}
		},
		{
			"from": [7, 1, 12],
			"to": [9, 4, 14],
			"rotation": {"angle": -22.5, "axis": "x", "origin": [8, 4, 12]},
			"faces": {
				"north": {"uv": [0.25, 9.875, 0.5, 10.25], "texture": "#0"},
				"east": {"uv": [0, 9.875, 0.25, 10.25], "texture": "#0"},
				"south": {"uv": [0.75, 9.875, 1, 10.25], "texture": "#0"},
				"west": {"uv": [0.5, 9.875, 0.75, 10.25], "texture": "#0"},
				"up": {"uv": [0.5, 9.875, 0.25, 9.625], "texture": "#0"},
				"down": {"uv": [0.75, 9.625, 0.5, 9.875], "texture": "#0"}
			}
		},
		{
			"from": [1, 5, -1],
			"to": [4, 8, 5],
			"rotation": {"angle": 0, "axis": "y", "origin": [9, 13, 7]},
			"faces": {
				"north": {"uv": [0.75, 9.25, 1.125, 9.625], "texture": "#0"},
				"east": {"uv": [0, 9.25, 0.75, 9.625], "texture": "#0"},
				"south": {"uv": [1.875, 9.25, 2.25, 9.625], "texture": "#0"},
				"west": {"uv": [1.125, 9.25, 1.875, 9.625], "texture": "#0"},
				"up": {"uv": [1.125, 9.25, 0.75, 8.5], "texture": "#0"},
				"down": {"uv": [1.5, 8.5, 1.125, 9.25], "texture": "#0"}
			}
		},
		{
			"from": [7.5, 3, 11],
			"to": [8.5, 4, 12],
			"rotation": {"angle": 0, "axis": "y", "origin": [15, 10, 18]},
			"faces": {
				"north": {"uv": [0.125, 5, 0.25, 5.125], "texture": "#0"},
				"east": {"uv": [0, 5, 0.125, 5.125], "texture": "#0"},
				"south": {"uv": [0.375, 5, 0.5, 5.125], "texture": "#0"},
				"west": {"uv": [0.25, 5, 0.375, 5.125], "texture": "#0"},
				"up": {"uv": [0.25, 5, 0.125, 4.875], "texture": "#0"},
				"down": {"uv": [0.375, 4.875, 0.25, 5], "texture": "#0"}
			}
		},
		{
			"from": [3, 4, 1],
			"to": [4, 5, 2],
			"rotation": {"angle": 0, "axis": "y", "origin": [11, 12, 9]},
			"faces": {
				"north": {"uv": [9.5, 5.5, 9.625, 5.625], "texture": "#0"},
				"east": {"uv": [9.375, 5.5, 9.5, 5.625], "texture": "#0"},
				"south": {"uv": [9.75, 5.5, 9.875, 5.625], "texture": "#0"},
				"west": {"uv": [9.625, 5.5, 9.75, 5.625], "texture": "#0"},
				"up": {"uv": [9.625, 5.5, 9.5, 5.375], "texture": "#0"},
				"down": {"uv": [9.75, 5.375, 9.625, 5.5], "texture": "#0"}
			}
		}
	],
	"display": {
		"thirdperson_righthand": {
			"rotation": [72.5, 0, 0],
			"translation": [0, 5, 5.25]
		},
		"thirdperson_lefthand": {
			"rotation": [72.5, 0, 0],
			"translation": [0, 5, 5.35]
		},
		"firstperson_righthand": {
			"translation": [0, 2.5, 0]
		},
		"firstperson_lefthand": {
			"translation": [0, 2.5, 0]
		},
		"ground": {
			"rotation": [0, 0, 90],
			"translation": [-1.75, 0, 3.25]
		},
		"gui": {
			"rotation": [0, 90, 0],
			"translation": [1.25, 1.5, 0],
			"scale": [0.8, 0.8, 0.8]
		},
		"fixed": {
			"rotation": [0, 90, 0]
		}
	}
}