{
	"credit": "Made with Blockbench",
	"texture_size": [128, 128],
	"textures": {
		"0": "custom/grenade",
		"particle": "custom/grenade"
	},
	"elements": [
		{
			"from": [6, 0, 6],
			"to": [10, 6, 10],
			"rotation": {"angle": 0, "axis": "y", "origin": [14, 8, 14]},
			"faces": {
				"north": {"uv": [14.125, 0, 14.625, 0.75], "texture": "#0"},
				"east": {"uv": [10, 0, 10.5, 0.75], "texture": "#0"},
				"south": {"uv": [13.25, 0, 13.75, 0.75], "texture": "#0"},
				"west": {"uv": [15.5, 0, 16, 0.75], "texture": "#0"},
				"up": {"uv": [2.125, 0, 2.625, 0.5], "texture": "#0"},
				"down": {"uv": [5.375, 0.125, 5.875, 0.625], "texture": "#0"}
			}
		},
		{
			"from": [7.5, 6.5, 10],
			"to": [8.5, 8.5, 12],
			"rotation": {"angle": 0, "axis": "y", "origin": [15, 14, 18]},
			"faces": {
				"north": {"uv": [0, 13.25, 0.125, 13.5], "texture": "#0"},
				"east": {"uv": [4.5, 13.25, 4.75, 13.5], "texture": "#0"},
				"south": {"uv": [4, 13.75, 4.125, 14], "texture": "#0"},
				"west": {"uv": [0.125, 13.75, 0.375, 14], "texture": "#0"},
				"up": {"uv": [4, 14.75, 4.125, 15], "texture": "#0"},
				"down": {"uv": [5.75, 14.25, 5.875, 14.5], "texture": "#0"}
			}
		},
		{
			"from": [7.5, 7, 9],
			"to": [8.5, 8, 10],
			"rotation": {"angle": 0, "axis": "y", "origin": [15, 14, 17]},
			"faces": {
				"north": {"uv": [2.5, 14, 2.625, 14.125], "texture": "#0"},
				"east": {"uv": [3.25, 13.5, 3.375, 13.625], "texture": "#0"},
				"south": {"uv": [3.125, 14.625, 3.25, 14.75], "texture": "#0"},
				"west": {"uv": [3.125, 14.125, 3.25, 14.25], "texture": "#0"},
				"up": {"uv": [3.125, 14.25, 3.25, 14.375], "texture": "#0"},
				"down": {"uv": [2, 13.875, 2.125, 14], "texture": "#0"}
			}
		},
		{
			"from": [7, 6, 7],
			"to": [9, 9, 9],
			"rotation": {"angle": 0, "axis": "y", "origin": [15, 14, 15]},
			"faces": {
				"north": {"uv": [3.125, 14.125, 3.375, 14.5], "texture": "#0"},
				"east": {"uv": [5.5, 13.75, 5.75, 14.125], "texture": "#0"},
				"south": {"uv": [4.25, 13.875, 4.5, 14.25], "texture": "#0"},
				"west": {"uv": [4, 14.25, 4.25, 14.625], "texture": "#0"},
				"up": {"uv": [4.5, 13.875, 4.75, 14.125], "texture": "#0"},
				"down": {"uv": [2.625, 13.25, 2.875, 13.5], "texture": "#0"}
			}
		}
	],
	"display": {
		"thirdperson_righthand": {
			"translation": [0, 6, 0]
		},
		"thirdperson_lefthand": {
			"translation": [0, 6, 0]
		},
		"gui": {
			"rotation": [0, 90, 0],
			"translation": [0, 2.5, 0]
		},
		"fixed": {
			"rotation": [0, 90, 0],
			"translation": [0, 2.75, 0]
		}
	}
}