{
	"credit": "Made with Blockbench",
	"texture_size": [128, 128],
	"textures": {
		"0": "custom/harmingshooter",
		"particle": "custom/harmingshooter"
	},
	"elements": [
		{
			"from": [6, 3, 1],
			"to": [10, 7, 13],
			"rotation": {"angle": 0, "axis": "y", "origin": [14, 11, 9]},
			"faces": {
				"north": {"uv": [0, 0, 0.5, 0.5], "texture": "#0"},
				"east": {"uv": [0, 0, 1.5, 0.5], "texture": "#0"},
				"south": {"uv": [0, 0, 0.5, 0.5], "texture": "#0"},
				"west": {"uv": [0, 0, 1.5, 0.5], "texture": "#0"},
				"up": {"uv": [0, 0, 0.5, 1.5], "texture": "#0"},
				"down": {"uv": [0, 0, 0.5, 1.5], "texture": "#0"}
			}
		},
		{
			"from": [6, 3, -3],
			"to": [10, 7, -1],
			"rotation": {"angle": 0, "axis": "y", "origin": [14, 11, 5]},
			"faces": {
				"north": {"uv": [0, 14, 0.5, 14.5], "texture": "#0"},
				"east": {"uv": [1.625, 10.25, 1.875, 10.75], "texture": "#0"},
				"south": {"uv": [6.625, 10.625, 7.125, 11.125], "texture": "#0"},
				"west": {"uv": [1.125, 10.75, 1.375, 11.25], "texture": "#0"},
				"up": {"uv": [0.875, 10.625, 1.375, 10.875], "texture": "#0"},
				"down": {"uv": [0.75, 12.25, 1.25, 12.5], "texture": "#0"}
			}
		},
		{
			"from": [7, 4, -1],
			"to": [9, 6, 1],
			"rotation": {"angle": 0, "axis": "y", "origin": [15, 12, 8]},
			"faces": {
				"north": {"uv": [0, 0, 0.25, 0.25], "texture": "#0"},
				"east": {"uv": [7.125, 12.25, 7.375, 12.5], "texture": "#0"},
				"south": {"uv": [0, 0, 0.25, 0.25], "texture": "#0"},
				"west": {"uv": [11.75, 11.5, 12, 11.75], "texture": "#0"},
				"up": {"uv": [4.875, 10.75, 5.125, 11], "texture": "#0"},
				"down": {"uv": [8.25, 11.375, 8.5, 11.625], "texture": "#0"}
			}
		},
		{
			"from": [7, 0, 10],
			"to": [9, 3, 12],
			"rotation": {"angle": -22.5, "axis": "x", "origin": [8, 3, 10]},
			"faces": {
				"north": {"uv": [0, 0, 0.25, 0.375], "texture": "#0"},
				"east": {"uv": [0, 0, 0.25, 0.375], "texture": "#0"},
				"south": {"uv": [0, 0, 0.25, 0.375], "texture": "#0"},
				"west": {"uv": [0, 0, 0.25, 0.375], "texture": "#0"},
				"up": {"uv": [0, 0, 0.25, 0.25], "texture": "#0"},
				"down": {"uv": [0, 0, 0.25, 0.25], "texture": "#0"}
			}
		},
		{
			"from": [7.5, 2, 9],
			"to": [8.5, 3, 10],
			"rotation": {"angle": 0, "axis": "y", "origin": [16, 10, 17]},
			"faces": {
				"north": {"uv": [15.875, 14.25, 16, 14.375], "texture": "#0"},
				"east": {"uv": [15.875, 14.25, 16, 14.375], "texture": "#0"},
				"south": {"uv": [15.875, 14.25, 16, 14.375], "texture": "#0"},
				"west": {"uv": [15.875, 14.25, 16, 14.375], "texture": "#0"},
				"up": {"uv": [15.875, 14.25, 16, 14.375], "texture": "#0"},
				"down": {"uv": [15.875, 14.25, 16, 14.375], "texture": "#0"}
			}
		}
	],
	"display": {
		"thirdperson_righthand": {
			"rotation": [72.5, 0, 0],
			"translation": [0, 3, 6.75]
		},
		"thirdperson_lefthand": {
			"rotation": [72.5, 0, 0],
			"translation": [0, 3, 6.75]
		},
		"firstperson_righthand": {
			"translation": [0, 3, 0]
		},
		"firstperson_lefthand": {
			"translation": [0, 3, 0]
		},
		"gui": {
			"rotation": [0, 90, 0],
			"translation": [3, 3.25, 0]
		},
		"fixed": {
			"rotation": [0, 90, 0],
			"translation": [2.25, 2.75, 0]
		}
	}
}