{
	"credit": "Made with Blockbench",
	"texture_size": [128, 128],
	"textures": {
		"0": "custom/lazergun",
		"particle": "custom/lazergun"
	},
	"elements": [
		{
			"from": [7, 6, -5],
			"to": [9, 7, 0],
			"rotation": {"angle": 0, "axis": "y", "origin": [15, 14, 3]},
			"faces": {
				"north": {"uv": [0, 0, 0.25, 0.125], "texture": "#0"},
				"east": {"uv": [0, 0, 0.75, 0.125], "texture": "#0"},
				"south": {"uv": [0, 0, 0.25, 0.125], "texture": "#0"},
				"west": {"uv": [0, 0, 0.75, 0.125], "texture": "#0"},
				"up": {"uv": [0, 0, 0.25, 0.75], "texture": "#0"},
				"down": {"uv": [0, 0, 0.25, 0.75], "texture": "#0"}
			}
		},
		{
			"from": [7, 3, -5],
			"to": [9, 4, 0],
			"rotation": {"angle": 0, "axis": "y", "origin": [15, 11, 3]},
			"faces": {
				"north": {"uv": [0, 0, 0.25, 0.125], "texture": "#0"},
				"east": {"uv": [0, 0, 0.75, 0.125], "texture": "#0"},
				"south": {"uv": [0, 0, 0.25, 0.125], "texture": "#0"},
				"west": {"uv": [0, 0, 0.75, 0.125], "texture": "#0"},
				"up": {"uv": [0, 0, 0.25, 0.75], "texture": "#0"},
				"down": {"uv": [0, 0, 0.25, 0.75], "texture": "#0"}
			}
		},
		{
			"from": [7, 8, 5],
			"to": [9, 9, 10],
			"rotation": {"angle": 0, "axis": "y", "origin": [15, 15, 13]},
			"faces": {
				"north": {"uv": [0, 0, 0.25, 0.25], "texture": "#0"},
				"east": {"uv": [0, 0, 0.75, 0.25], "texture": "#0"},
				"south": {"uv": [0, 0, 0.25, 0.25], "texture": "#0"},
				"west": {"uv": [0, 0, 0.75, 0.25], "texture": "#0"},
				"up": {"uv": [0, 0, 0.25, 0.75], "texture": "#0"},
				"down": {"uv": [0, 0, 0.25, 0.75], "texture": "#0"}
			}
		},
		{
			"from": [7, 4, 15],
			"to": [9, 5, 19],
			"rotation": {"angle": -22.5, "axis": "x", "origin": [8, 4, 15]},
			"faces": {
				"north": {"uv": [8.25, 13.375, 8.5, 13.625], "texture": "#0"},
				"east": {"uv": [7.125, 10.625, 7.875, 10.875], "texture": "#0"},
				"south": {"uv": [8.25, 12.125, 8.5, 12.375], "texture": "#0"},
				"west": {"uv": [6.625, 11, 7.375, 11.25], "texture": "#0"},
				"up": {"uv": [8, 11.125, 8.25, 11.875], "texture": "#0"},
				"down": {"uv": [7.875, 10.875, 8.125, 11.625], "texture": "#0"}
			}
		},
		{
			"from": [7, 3, 18],
			"to": [9, 6, 19],
			"rotation": {"angle": 0, "axis": "x", "origin": [8, 6, 18]},
			"faces": {
				"north": {"uv": [10, 11.375, 10.25, 12.125], "rotation": 180, "texture": "#0"},
				"east": {"uv": [4.125, 11.125, 4.875, 11.375], "rotation": 270, "texture": "#0"},
				"south": {"uv": [2.75, 9.25, 3, 10], "texture": "#0"},
				"west": {"uv": [6.75, 12.5, 7.5, 12.75], "rotation": 90, "texture": "#0"},
				"up": {"uv": [1.375, 10.375, 1.625, 10.625], "rotation": 180, "texture": "#0"},
				"down": {"uv": [1.625, 12.375, 1.875, 12.625], "texture": "#0"}
			}
		},
		{
			"from": [7, 6, 0],
			"to": [9, 8, 7],
			"rotation": {"angle": 0, "axis": "y", "origin": [15, 14, 9]},
			"faces": {
				"north": {"uv": [0, 0, 0.25, 0.25], "texture": "#0"},
				"east": {"uv": [0, 0, 0.75, 0.25], "texture": "#0"},
				"south": {"uv": [0, 0, 0.25, 0.25], "texture": "#0"},
				"west": {"uv": [0, 0, 0.75, 0.25], "texture": "#0"},
				"up": {"uv": [0, 0, 0.25, 0.75], "texture": "#0"},
				"down": {"uv": [0, 0, 0.25, 0.75], "texture": "#0"}
			}
		},
		{
			"from": [7, 4, 5],
			"to": [9, 6, 7],
			"rotation": {"angle": 0, "axis": "y", "origin": [15, 12, 9]},
			"faces": {
				"north": {"uv": [0, 10.25, 0.25, 10.5], "texture": "#0"},
				"east": {"uv": [0, 11.125, 0.75, 11.375], "texture": "#0"},
				"south": {"uv": [0.125, 10.75, 0.375, 11], "texture": "#0"},
				"west": {"uv": [0, 10.75, 0.75, 11], "texture": "#0"},
				"up": {"uv": [0, 10.25, 0.25, 11], "texture": "#0"},
				"down": {"uv": [0, 10, 0.25, 10.75], "texture": "#0"}
			}
		},
		{
			"from": [7, 2, 0],
			"to": [9, 4, 7],
			"rotation": {"angle": 0, "axis": "y", "origin": [15, 10, 9]},
			"faces": {
				"north": {"uv": [0, 0, 0.25, 0.25], "texture": "#0"},
				"east": {"uv": [0, 0, 0.75, 0.25], "texture": "#0"},
				"south": {"uv": [0, 0, 0.25, 0.25], "texture": "#0"},
				"west": {"uv": [0, 0, 0.75, 0.25], "texture": "#0"},
				"up": {"uv": [0, 0, 0.25, 0.75], "texture": "#0"},
				"down": {"uv": [0, 0, 0.25, 0.75], "texture": "#0"}
			}
		},
		{
			"from": [7, 1, 5],
			"to": [9, 2, 10],
			"rotation": {"angle": 0, "axis": "y", "origin": [15, 9, 13]},
			"faces": {
				"north": {"uv": [0, 0, 0.25, 0.25], "texture": "#0"},
				"east": {"uv": [0, 0, 0.75, 0.25], "texture": "#0"},
				"south": {"uv": [0, 0, 0.25, 0.25], "texture": "#0"},
				"west": {"uv": [0, 0, 0.75, 0.25], "texture": "#0"},
				"up": {"uv": [0, 0, 0.25, 0.75], "texture": "#0"},
				"down": {"uv": [0, 0, 0.25, 0.75], "texture": "#0"}
			}
		},
		{
			"from": [6, 3, 7],
			"to": [10, 7, 15],
			"rotation": {"angle": 0, "axis": "y", "origin": [15, 12, 13]},
			"faces": {
				"north": {"uv": [0, 12.875, 0.25, 13.125], "texture": "#0"},
				"east": {"uv": [0, 10.75, 0.75, 11], "texture": "#0"},
				"south": {"uv": [0, 10.5, 0.25, 10.75], "texture": "#0"},
				"west": {"uv": [0, 9.875, 0.75, 10.125], "texture": "#0"},
				"up": {"uv": [0, 9.625, 0.25, 10.375], "texture": "#0"},
				"down": {"uv": [0, 9.375, 0.25, 10.125], "texture": "#0"}
			}
		},
		{
			"from": [7, 0, 12],
			"to": [9, 3, 14],
			"rotation": {"angle": -22.5, "axis": "x", "origin": [8, 3, 12]},
			"faces": {
				"north": {"uv": [0, 11.5, 0.25, 11.75], "texture": "#0"},
				"east": {"uv": [0, 10.375, 0.75, 10.625], "texture": "#0"},
				"south": {"uv": [0, 9.5, 0.25, 9.75], "texture": "#0"},
				"west": {"uv": [0, 10.875, 0.75, 11.125], "texture": "#0"},
				"up": {"uv": [0, 11, 0.25, 11.75], "texture": "#0"},
				"down": {"uv": [0, 10.875, 0.25, 11.625], "texture": "#0"}
			}
		},
		{
			"from": [7.5, 4, -4],
			"to": [8.5, 4.5, 5],
			"rotation": {"angle": 0, "axis": "y", "origin": [16, 12, 3]},
			"faces": {
				"north": {"uv": [0.375, 15.75, 0.5, 15.875], "texture": "#0"},
				"east": {"uv": [0.125, 15.875, 1.25, 15.875], "texture": "#0"},
				"south": {"uv": [0, 16, 0.125, 16], "texture": "#0"},
				"west": {"uv": [0.375, 15.875, 1.5, 15.875], "texture": "#0"},
				"up": {"uv": [1.125, 15.875, 1.25, 15.875], "texture": "#0"},
				"down": {"uv": [1.75, 15.875, 1.875, 16], "texture": "#0"}
			}
		},
		{
			"from": [7.5, 5.5, -4],
			"to": [8.5, 6, 5],
			"rotation": {"angle": 0, "axis": "y", "origin": [16, 13, 3]},
			"faces": {
				"north": {"uv": [0, 15.875, 0.125, 16], "texture": "#0"},
				"east": {"uv": [1.5, 15.875, 2.625, 15.875], "texture": "#0"},
				"south": {"uv": [0, 16, 0.125, 16], "texture": "#0"},
				"west": {"uv": [0.875, 15.875, 2, 15.875], "texture": "#0"},
				"up": {"uv": [1.375, 15.75, 1.5, 15.875], "texture": "#0"},
				"down": {"uv": [1.75, 15.875, 1.875, 15.875], "texture": "#0"}
			}
		}
	],
	"display": {
		"thirdperson_righthand": {
			"rotation": [72.5, 0, 0],
			"translation": [0, 7.5, 6.5]
		},
		"thirdperson_lefthand": {
			"rotation": [72.5, 0, 0],
			"translation": [0, 7.5, 6.5]
		},
		"firstperson_righthand": {
			"translation": [0, 5, 0]
		},
		"firstperson_lefthand": {
			"translation": [0, 5, 0]
		},
		"ground": {
			"rotation": [0, 0, 90],
			"translation": [-3.25, 0, 0]
		},
		"gui": {
			"rotation": [0, 90, 0],
			"translation": [0, 2.75, 0]
		},
		"fixed": {
			"rotation": [0, 90, 0],
			"translation": [0, 3, 0]
		}
	}
}