{
	"credit": "Made with Blockbench",
	"texture_size": [128, 128],
	"textures": {
		"0": "custom/vectorshooter",
		"particle": "custom/vectorshooter"
	},
	"elements": [
		{
			"from": [7, 7, -6],
			"to": [9, 8, 17],
			"rotation": {"angle": 0, "axis": "y", "origin": [15, 15, 2]},
			"faces": {
				"north": {"uv": [2.875, 15.875, 3.125, 16], "texture": "#0"},
				"east": {"uv": [0, 15.875, 2.875, 16], "texture": "#0"},
				"south": {"uv": [6, 15.875, 6.25, 16], "texture": "#0"},
				"west": {"uv": [3.125, 15.875, 6, 16], "texture": "#0"},
				"up": {"uv": [3.125, 15.875, 2.875, 13], "texture": "#0"},
				"down": {"uv": [3.375, 13, 3.125, 15.875], "texture": "#0"}
			}
		},
		{
			"from": [6.5, 3.5, -8],
			"to": [9.5, 6.5, -6],
			"rotation": {"angle": 0, "axis": "y", "origin": [15, 12, -14]},
			"faces": {
				"north": {"uv": [0.25, 0.25, 0.625, 0.625], "texture": "#0"},
				"east": {"uv": [0, 0.25, 0.25, 0.625], "texture": "#0"},
				"south": {"uv": [0.875, 0.25, 1.25, 0.625], "texture": "#0"},
				"west": {"uv": [0.625, 0.25, 0.875, 0.625], "texture": "#0"},
				"up": {"uv": [0.625, 0.25, 0.25, 0], "texture": "#0"},
				"down": {"uv": [1, 0, 0.625, 0.25], "texture": "#0"}
			}
		},
		{
			"from": [7, 2, -5],
			"to": [9, 3, 4],
			"rotation": {"angle": 0, "axis": "y", "origin": [15, 10, 2]},
			"faces": {
				"north": {"uv": [4.75, 1.125, 5, 1.25], "texture": "#0"},
				"east": {"uv": [3.625, 1.125, 4.75, 1.25], "texture": "#0"},
				"south": {"uv": [6.125, 1.125, 6.375, 1.25], "texture": "#0"},
				"west": {"uv": [5, 1.125, 6.125, 1.25], "texture": "#0"},
				"up": {"uv": [5, 1.125, 4.75, 0], "texture": "#0"},
				"down": {"uv": [5.25, 0, 5, 1.125], "texture": "#0"}
			}
		},
		{
			"from": [7, 4, 17],
			"to": [9, 8, 20],
			"rotation": {"angle": 0, "axis": "y", "origin": [15, 11, 12]},
			"faces": {
				"north": {"uv": [0.375, 1.75, 0.625, 2.25], "texture": "#0"},
				"east": {"uv": [0, 1.75, 0.375, 2.25], "texture": "#0"},
				"south": {"uv": [1, 1.75, 1.25, 2.25], "texture": "#0"},
				"west": {"uv": [0.625, 1.75, 1, 2.25], "texture": "#0"},
				"up": {"uv": [0.625, 1.75, 0.375, 1.375], "texture": "#0"},
				"down": {"uv": [0.875, 1.375, 0.625, 1.75], "texture": "#0"}
			}
		},
		{
			"from": [6, 3, -6],
			"to": [10, 7, 17],
			"rotation": {"angle": 0, "axis": "y", "origin": [16, 11, 2]},
			"faces": {
				"north": {"uv": [12.125, 15.5, 12.625, 16], "texture": "#0"},
				"east": {"uv": [9.25, 15.5, 12.125, 16], "texture": "#0"},
				"south": {"uv": [15.5, 15.5, 16, 16], "texture": "#0"},
				"west": {"uv": [12.625, 15.5, 15.5, 16], "texture": "#0"},
				"up": {"uv": [12.625, 15.5, 12.125, 12.625], "texture": "#0"},
				"down": {"uv": [13.125, 12.625, 12.625, 15.5], "texture": "#0"}
			}
		},
		{
			"from": [7, 4, -10],
			"to": [9, 6, -8],
			"rotation": {"angle": 0, "axis": "y", "origin": [15, 12, -1]},
			"faces": {
				"north": {"uv": [0.25, 2.5, 0.5, 2.75], "texture": "#0"},
				"east": {"uv": [0, 2.5, 0.25, 2.75], "texture": "#0"},
				"south": {"uv": [0.75, 2.5, 1, 2.75], "texture": "#0"},
				"west": {"uv": [0.5, 2.5, 0.75, 2.75], "texture": "#0"},
				"up": {"uv": [0.5, 2.5, 0.25, 2.25], "texture": "#0"},
				"down": {"uv": [0.75, 2.25, 0.5, 2.5], "texture": "#0"}
			}
		},
		{
			"from": [5, 3.5, 11],
			"to": [11, 6.5, 14],
			"rotation": {"angle": 0, "axis": "y", "origin": [13, 12, 19]},
			"faces": {
				"north": {"uv": [0.375, 6.625, 1.125, 7], "texture": "#0"},
				"east": {"uv": [0, 6.625, 0.375, 7], "texture": "#0"},
				"south": {"uv": [1.5, 6.625, 2.25, 7], "texture": "#0"},
				"west": {"uv": [1.125, 6.625, 1.5, 7], "texture": "#0"},
				"up": {"uv": [1.125, 6.625, 0.375, 6.25], "texture": "#0"},
				"down": {"uv": [1.875, 6.25, 1.125, 6.625], "texture": "#0"}
			}
		},
		{
			"from": [7, 1.5, 4],
			"to": [9, 3, 9],
			"rotation": {"angle": 0, "axis": "y", "origin": [15, 9, 12]},
			"faces": {
				"north": {"uv": [0.625, 10.625, 0.875, 10.75], "texture": "#0"},
				"east": {"uv": [0, 10.625, 0.625, 10.75], "texture": "#0"},
				"south": {"uv": [1.5, 10.625, 1.75, 10.75], "texture": "#0"},
				"west": {"uv": [0.875, 10.625, 1.5, 10.75], "texture": "#0"},
				"up": {"uv": [0.875, 10.625, 0.625, 10], "texture": "#0"},
				"down": {"uv": [1.125, 10, 0.875, 10.625], "texture": "#0"}
			}
		},
		{
			"from": [7, 0, 9],
			"to": [9, 3, 14],
			"rotation": {"angle": 0, "axis": "y", "origin": [15, 8, 17]},
			"faces": {
				"north": {"uv": [14.875, 10.375, 15.125, 10.75], "texture": "#0"},
				"east": {"uv": [14.25, 10.375, 14.875, 10.75], "texture": "#0"},
				"south": {"uv": [15.75, 10.375, 16, 10.75], "texture": "#0"},
				"west": {"uv": [15.125, 10.375, 15.75, 10.75], "texture": "#0"},
				"up": {"uv": [15.125, 10.375, 14.875, 9.75], "texture": "#0"},
				"down": {"uv": [15.375, 9.75, 15.125, 10.375], "texture": "#0"}
			}
		},
		{
			"from": [7, -1, 15],
			"to": [9, 3, 17],
			"rotation": {"angle": -45, "axis": "x", "origin": [8, 3, 15]},
			"faces": {
				"north": {"uv": [4.125, 5.25, 4.375, 5.75], "texture": "#0"},
				"east": {"uv": [3.875, 5.25, 4.125, 5.75], "texture": "#0"},
				"south": {"uv": [4.625, 5.25, 4.875, 5.75], "texture": "#0"},
				"west": {"uv": [4.375, 5.25, 4.625, 5.75], "texture": "#0"},
				"up": {"uv": [4.375, 5.25, 4.125, 5], "texture": "#0"},
				"down": {"uv": [4.625, 5, 4.375, 5.25], "texture": "#0"}
			}
		},
		{
			"from": [7.5, 2, 14],
			"to": [8.5, 3, 15],
			"rotation": {"angle": 0, "axis": "y", "origin": [15, 10, 22]},
			"faces": {
				"north": {"uv": [7.75, 15.875, 7.875, 16], "texture": "#0"},
				"east": {"uv": [7.625, 15.875, 7.75, 16], "texture": "#0"},
				"south": {"uv": [8, 15.875, 8.125, 16], "texture": "#0"},
				"west": {"uv": [7.875, 15.875, 8, 16], "texture": "#0"},
				"up": {"uv": [7.875, 15.875, 7.75, 15.75], "texture": "#0"},
				"down": {"uv": [8, 15.75, 7.875, 15.875], "texture": "#0"}
			}
		},
		{
			"from": [7, 2.5, 22.6],
			"to": [9, 6, 24.6],
			"rotation": {"angle": 0, "axis": "y", "origin": [15, 10, 16]},
			"faces": {
				"north": {"uv": [9.875, 6.625, 10.125, 7], "texture": "#0"},
				"east": {"uv": [9.625, 6.625, 9.875, 7], "texture": "#0"},
				"south": {"uv": [10.375, 6.625, 10.625, 7], "texture": "#0"},
				"west": {"uv": [10.125, 6.625, 10.375, 7], "texture": "#0"},
				"up": {"uv": [10.125, 6.625, 9.875, 6.375], "texture": "#0"},
				"down": {"uv": [10.375, 6.375, 10.125, 6.625], "texture": "#0"}
			}
		},
		{
			"from": [7.5, 8, 7],
			"to": [8.5, 9, 15],
			"rotation": {"angle": 0, "axis": "y", "origin": [15, 16, 22]},
			"faces": {
				"north": {"uv": [14.75, 12.125, 14.875, 12.25], "texture": "#0"},
				"east": {"uv": [13.75, 12.125, 14.75, 12.25], "texture": "#0"},
				"south": {"uv": [15.875, 12.125, 16, 12.25], "texture": "#0"},
				"west": {"uv": [14.875, 12.125, 15.875, 12.25], "texture": "#0"},
				"up": {"uv": [14.875, 12.125, 14.75, 11.125], "texture": "#0"},
				"down": {"uv": [15, 11.125, 14.875, 12.125], "texture": "#0"}
			}
		},
		{
			"from": [7, 4, 19],
			"to": [9, 5, 23],
			"rotation": {"angle": 22.5, "axis": "x", "origin": [9, 4, 19]},
			"faces": {
				"north": {"uv": [8.125, 5.75, 8.375, 5.875], "texture": "#0"},
				"east": {"uv": [7.625, 5.75, 8.125, 5.875], "texture": "#0"},
				"south": {"uv": [8.875, 5.75, 9.125, 5.875], "texture": "#0"},
				"west": {"uv": [8.375, 5.75, 8.875, 5.875], "texture": "#0"},
				"up": {"uv": [8.375, 5.75, 8.125, 5.25], "texture": "#0"},
				"down": {"uv": [8.625, 5.25, 8.375, 5.75], "texture": "#0"}
			}
		},
		{
			"from": [7, 6, 20],
			"to": [9, 8, 25],
			"rotation": {"angle": 0, "axis": "y", "origin": [15, 11, 16]},
			"faces": {
				"north": {"uv": [8.25, 7.5, 8.5, 7.75], "texture": "#0"},
				"east": {"uv": [7.625, 7.5, 8.25, 7.75], "texture": "#0"},
				"south": {"uv": [9.125, 7.5, 9.375, 7.75], "texture": "#0"},
				"west": {"uv": [8.5, 7.5, 9.125, 7.75], "texture": "#0"},
				"up": {"uv": [8.5, 7.5, 8.25, 6.875], "texture": "#0"},
				"down": {"uv": [8.75, 6.875, 8.5, 7.5], "texture": "#0"}
			}
		}
	],
	"display": {
		"thirdperson_righthand": {
			"rotation": [73, 0, 0],
			"translation": [0, 9, 5.25],
			"scale": [0.8, 0.8, 0.8]
		},
		"thirdperson_lefthand": {
			"rotation": [73, 0, 0],
			"translation": [0, 9, 5.25],
			"scale": [0.8, 0.8, 0.8]
		},
		"firstperson_righthand": {
			"translation": [3.25, 4, 0]
		},
		"firstperson_lefthand": {
			"translation": [3.25, 4, 0]
		},
		"ground": {
			"rotation": [0, 0, 90],
			"translation": [-2.75, 0, 0],
			"scale": [0.8, 0.8, 0.8]
		},
		"gui": {
			"rotation": [0, 90, 0],
			"translation": [0, 2.25, 0],
			"scale": [0.5, 0.5, 0.5]
		},
		"fixed": {
			"rotation": [0, -90, 0],
			"translation": [0, 3.5, 0]
		}
	},
	"groups": [
		{
			"name": "group",
			"origin": [8, 8, 8],
			"children": [0, 1, 2, 3, 4, 5, 6, 7, 8, 9, 10, 11, 12, 13, 14]
		}
	]
}